ID,Name,Description,Tags,lemmatized_description,cleaned_lemmatized_description,word_array,pos_tagged_words,Nouns,Verbs,Adjectives,Processed,Ranked_Terms,Top_7_Tags,Tag_Counts,Tag_Names
1.0,Sarah,"Sarah is a dedicated student with a passion for Mathematics and Physics. Her interests lie in the realms of Astrophysics and Quantum Mechanics, where she delves into the mysteries of the universe with fervor and curiosity",Physics,"Sarah is a dedicated student with a passion for Mathematics and Physics . Her interest lie in the realm of Astrophysics and Quantum Mechanics , where she delf into the mystery of the universe with fervor and curiosity","Sarah dedicated student passion Mathematics Physics . interest lie realm Astrophysics Quantum Mechanics , delf mystery universe fervor curiosity","['Sarah', 'dedicated', 'student', 'passion', 'Mathematics', 'Physics', '.', 'interest', 'lie', 'realm', 'Astrophysics', 'Quantum', 'Mechanics', ',', 'delf', 'mystery', 'universe', 'fervor', 'curiosity']","[('Sarah', 'NNP'), ('dedicated', 'VBD'), ('student', 'NN'), ('passion', 'NN'), ('Mathematics', 'NNPS'), ('Physics', 'NNPS'), ('.', '.'), ('interest', 'NN'), ('lie', 'NN'), ('realm', 'NN'), ('Astrophysics', 'NNP'), ('Quantum', 'NNP'), ('Mechanics', 'NNP'), (',', ','), ('delf', 'PRP'), ('mystery', 'VBP'), ('universe', 'JJ'), ('fervor', 'NN'), ('curiosity', 'NN')]",student passion interest lie realm fervor curiosity  Sarah Astrophysics Quantum Mechanics Mathematics Physics, dedicated   mystery ,universe,"['Sarah', 'dedicated', 'student', 'passion', 'Mathematics', 'Physics', 'interest', 'lie', 'realm', 'Astrophysics', 'Quantum', 'Mechanics', 'delf', 'mystery', 'universe', 'fervor', 'curiosity']","{'Sarah': 1, 'dedicated': 1, 'student': 1, 'passion': 1, 'Mathematics': 1, 'Physics': 1, 'interest': 1, 'lie': 1, 'realm': 1, 'Astrophysics': 1, 'Quantum': 1, 'Mechanics': 1, 'delf': 1, 'mystery': 1, 'universe': 1, 'fervor': 1, 'curiosity': 1}","['Sarah', 'dedicated', 'student', 'passion', 'Mathematics', 'Physics', 'interest']","{'Sarah': 1, 'dedicated': 3, 'student': 5, 'passion': 3, 'Mathematics': 1, 'Physics': 2, 'interest': 3}","{'Sarah': 'Sarah - 1', 'dedicated': 'Sarah - 1, Sophia - 1, Lily - 1', 'student': 'Sarah - 1, Mia - 1, Sophia - 1, Lily - 1, Max - 1', 'passion': 'Sarah - 1, Grace - 1, Charlotte - 1', 'Mathematics': 'Sarah - 1', 'Physics': 'Sarah - 1, Leo - 1', 'interest': 'Sarah - 1, James - 1, Max - 1'}"
2.0,Alex,"Alex is a tech enthusiast studying Computer Science and Data Science. His interests revolve around Artificial Intelligence and Machine Learning, where he explores the cutting-edge technologies shaping the future of computing.",Computer Science,"Alex is a tech enthusiast studying Computer Science and Data Science . His interest revolve around Artificial Intelligence and Machine Learning , where he explores the cutting-edge technology shaping the future of computing .","Alex tech enthusiast studying Computer Science Data Science . interest revolve around Artificial Intelligence Machine Learning , explores cutting-edge technology shaping future computing .","['Alex', 'tech', 'enthusiast', 'studying', 'Computer', 'Science', 'Data', 'Science', '.', 'interest', 'revolve', 'around', 'Artificial', 'Intelligence', 'Machine', 'Learning', ',', 'explores', 'cutting-edge', 'technology', 'shaping', 'future', 'computing', '.']","[('Alex', 'NNP'), ('tech', 'VBD'), ('enthusiast', 'RB'), ('studying', 'VBG'), ('Computer', 'NNP'), ('Science', 'NNP'), ('Data', 'NNP'), ('Science', 'NNP'), ('.', '.'), ('interest', 'NN'), ('revolve', 'NN'), ('around', 'IN'), ('Artificial', 'NNP'), ('Intelligence', 'NNP'), ('Machine', 'NNP'), ('Learning', 'NNP'), (',', ','), ('explores', 'VBZ'), ('cutting-edge', 'JJ'), ('technology', 'NN'), ('shaping', 'VBG'), ('future', 'JJ'), ('computing', 'NN'), ('.', '.')]",interest revolve technology computing  Alex Computer Science Data Science Artificial Intelligence Machine Learning , tech studying shaping   explores,cutting-edge future,"['alex', 'tech', 'enthusiast', 'study', 'Computer', 'Science', 'Data', 'Science', 'interest', 'revolve', 'around', 'Artificial', 'Intelligence', 'Machine', 'Learning', 'explore', 'cutting', 'edge', 'technology', 'shape', 'future', 'computing']","{'Science': 2, 'alex': 1, 'tech': 1, 'enthusiast': 1, 'study': 1, 'Computer': 1, 'Data': 1, 'interest': 1, 'revolve': 1, 'around': 1, 'Artificial': 1, 'Intelligence': 1, 'Machine': 1, 'Learning': 1, 'explore': 1, 'cutting': 1, 'edge': 1, 'technology': 1, 'shape': 1, 'future': 1, 'computing': 1}","['Science', 'alex', 'tech', 'enthusiast', 'study', 'Computer', 'Data']","{'Science': 8, 'alex': 1, 'tech': 2, 'enthusiast': 5, 'study': 6, 'Computer': 3, 'Data': 1}","{'Science': 'Alex - 1, Mia - 1, Olivia - 1, Lily - 1, Zoe - 1, Oliver - 1, Isabella - 1, Gia - 1', 'alex': 'Alex - 1', 'tech': 'Alex - 1, Oliver - 1', 'enthusiast': 'Alex - 1, James - 1, Lucas - 1, Oliver - 1, William - 1', 'study': 'Alex - 1, Lucas - 1, Ava - 1, Leo - 1, Amelia - 1, Oliver - 1', 'Computer': 'Alex - 1, Max - 1, Oliver - 1', 'Data': 'Alex - 1'}"
3.0,Emily,"Emily is an avid reader and historian, focusing on Literature and History. She finds joy in Creative Writing and delves deep into the narratives of Ancient Civilizations, drawing inspiration from the past for her own creative endeavors.",Literature,"Emily is an avid reader and historian , focusing on Literature and History . She find joy in Creative Writing and delf deep into the narrative of Ancient Civilizations , drawing inspiration from the past for her own creative endeavor .","Emily avid reader historian , focusing Literature History . find joy Creative Writing delf deep narrative Ancient Civilizations , drawing inspiration past creative endeavor .","['Emily', 'avid', 'reader', 'historian', ',', 'focusing', 'Literature', 'History', '.', 'find', 'joy', 'Creative', 'Writing', 'delf', 'deep', 'narrative', 'Ancient', 'Civilizations', ',', 'drawing', 'inspiration', 'past', 'creative', 'endeavor', '.']","[('Emily', 'RB'), ('avid', 'JJ'), ('reader', 'NN'), ('historian', 'NN'), (',', ','), ('focusing', 'VBG'), ('Literature', 'NNP'), ('History', 'NNP'), ('.', '.'), ('find', 'VB'), ('joy', 'JJ'), ('Creative', 'NNP'), ('Writing', 'NNP'), ('delf', 'PRP'), ('deep', 'JJ'), ('narrative', 'JJ'), ('Ancient', 'NNP'), ('Civilizations', 'NNP'), (',', ','), ('drawing', 'VBG'), ('inspiration', 'NN'), ('past', 'IN'), ('creative', 'JJ'), ('endeavor', 'NN'), ('.', '.')]",reader historian inspiration endeavor  Literature History Creative Writing Ancient Civilizations ,find  focusing drawing   ,avid joy deep narrative creative,"['emily', 'avid', 'reader', 'historian', 'focus', 'Literature', 'History', 'find', 'joy', 'creative', 'write', 'delf', 'deep', 'narrative', 'Ancient', 'Civilizations', 'draw', 'inspiration', 'past', 'creative', 'endeavor']","{'creative': 2, 'emily': 1, 'avid': 1, 'reader': 1, 'historian': 1, 'focus': 1, 'Literature': 1, 'History': 1, 'find': 1, 'joy': 1, 'write': 1, 'delf': 1, 'deep': 1, 'narrative': 1, 'Ancient': 1, 'Civilizations': 1, 'draw': 1, 'inspiration': 1, 'past': 1, 'endeavor': 1}","['creative', 'emily', 'avid', 'reader', 'historian', 'focus', 'Literature']","{'creative': 1, 'emily': 1, 'avid': 1, 'reader': 1, 'historian': 1, 'focus': 6, 'Literature': 2}","{'creative': 'Emily - 1', 'emily': 'Emily - 1', 'avid': 'Emily - 1', 'reader': 'Emily - 1', 'historian': 'Emily - 1', 'focus': 'Emily - 1, Sophia - 1, Lily - 1, Noah - 1, Grace - 1, Henry - 1', 'Literature': 'Emily - 1, Charlotte - 1'}"
4.0,James,"James is a science enthusiast excelling in Biology and Chemistry. His interests in Genetics and Biochemistry drive his research and experiments, as he seeks to unravel the complexities of life at a molecular level.",Chemistry,"James is a science enthusiast excelling in Biology and Chemistry . His interest in Genetics and Biochemistry drive his research and experiment , a he seek to unravel the complexity of life at a molecular level .","James science enthusiast excelling Biology Chemistry . interest Genetics Biochemistry drive research experiment , seek unravel complexity life molecular level .","['James', 'science', 'enthusiast', 'excelling', 'Biology', 'Chemistry', '.', 'interest', 'Genetics', 'Biochemistry', 'drive', 'research', 'experiment', ',', 'seek', 'unravel', 'complexity', 'life', 'molecular', 'level', '.']","[('James', 'NNP'), ('science', 'NN'), ('enthusiast', 'NN'), ('excelling', 'VBG'), ('Biology', 'NNP'), ('Chemistry', 'NNP'), ('.', '.'), ('interest', 'NN'), ('Genetics', 'NNPS'), ('Biochemistry', 'NNP'), ('drive', 'VBP'), ('research', 'NN'), ('experiment', 'NN'), (',', ','), ('seek', 'VBP'), ('unravel', 'JJ'), ('complexity', 'NN'), ('life', 'NN'), ('molecular', 'JJ'), ('level', 'NN'), ('.', '.')]",science enthusiast interest research experiment complexity life level  James Biology Chemistry Biochemistry Genetics,  excelling  drive seek ,unravel molecular,"['James', 'science', 'enthusiast', 'excel', 'Biology', 'Chemistry', 'interest', 'Genetics', 'Biochemistry', 'drive', 'research', 'experiment', 'seek', 'unravel', 'complexity', 'life', 'molecular', 'level']","{'James': 1, 'science': 1, 'enthusiast': 1, 'excel': 1, 'Biology': 1, 'Chemistry': 1, 'interest': 1, 'Genetics': 1, 'Biochemistry': 1, 'drive': 1, 'research': 1, 'experiment': 1, 'seek': 1, 'unravel': 1, 'complexity': 1, 'life': 1, 'molecular': 1, 'level': 1}","['James', 'science', 'enthusiast', 'excel', 'Biology', 'Chemistry', 'interest']","{'James': 1, 'science': 1, 'enthusiast': 5, 'excel': 1, 'Biology': 3, 'Chemistry': 2, 'interest': 3}","{'James': 'James - 1', 'science': 'James - 1', 'enthusiast': 'Alex - 1, James - 1, Lucas - 1, Oliver - 1, William - 1', 'excel': 'James - 1', 'Biology': 'James - 1, Ethan  - 1, Isabella - 1', 'Chemistry': 'James - 1, Lily - 1', 'interest': 'Sarah - 1, James - 1, Max - 1'}"
5.0,Mia,"Mia is a student of Economics and Political Science, passionate about understanding global dynamics. Her interests in International Relations and Public Policy reflect her commitment to making a positive impact on society through informed decision-making.",Economics,"Mia is a student of Economics and Political Science , passionate about understanding global dynamic . Her interest in International Relations and Public Policy reflect her commitment to making a positive impact on society through informed decision-making .","Mia student Economics Political Science , passionate understanding global dynamic . interest International Relations Public Policy reflect commitment making positive impact society informed decision-making .","['Mia', 'student', 'Economics', 'Political', 'Science', ',', 'passionate', 'understanding', 'global', 'dynamic', '.', 'interest', 'International', 'Relations', 'Public', 'Policy', 'reflect', 'commitment', 'making', 'positive', 'impact', 'society', 'informed', 'decision-making', '.']","[('Mia', 'NNP'), ('student', 'NN'), ('Economics', 'NNP'), ('Political', 'NNP'), ('Science', 'NNP'), (',', ','), ('passionate', 'NN'), ('understanding', 'NN'), ('global', 'JJ'), ('dynamic', 'JJ'), ('.', '.'), ('interest', 'NN'), ('International', 'NNP'), ('Relations', 'NNP'), ('Public', 'NNP'), ('Policy', 'NNP'), ('reflect', 'VBP'), ('commitment', 'NN'), ('making', 'VBG'), ('positive', 'JJ'), ('impact', 'NN'), ('society', 'NN'), ('informed', 'VBN'), ('decision-making', 'NN'), ('.', '.')]",student passionate understanding interest commitment impact society decision-making  Mia Economics Political Science International Relations Public Policy ,  making informed reflect ,global dynamic positive,"['Mia', 'student', 'Economics', 'Political', 'Science', 'passionate', 'understand', 'global', 'dynamic', 'interest', 'International', 'Relations', 'Public', 'Policy', 'reflect', 'commitment', 'make', 'positive', 'impact', 'society', 'inform', 'decision', 'making']","{'Mia': 1, 'student': 1, 'Economics': 1, 'Political': 1, 'Science': 1, 'passionate': 1, 'understand': 1, 'global': 1, 'dynamic': 1, 'interest': 1, 'International': 1, 'Relations': 1, 'Public': 1, 'Policy': 1, 'reflect': 1, 'commitment': 1, 'make': 1, 'positive': 1, 'impact': 1, 'society': 1, 'inform': 1, 'decision': 1, 'making': 1}","['Mia', 'student', 'Economics', 'Political', 'Science', 'passionate', 'understand']","{'Mia': 1, 'student': 5, 'Economics': 3, 'Political': 3, 'Science': 8, 'passionate': 1, 'understand': 1}","{'Mia': 'Mia - 1', 'student': 'Sarah - 1, Mia - 1, Sophia - 1, Lily - 1, Max - 1', 'Economics': 'Mia - 1, Noah - 1, Harper - 1', 'Political': 'Mia - 1, Zoe - 1, Gia - 1', 'Science': 'Alex - 1, Mia - 1, Olivia - 1, Lily - 1, Zoe - 1, Oliver - 1, Isabella - 1, Gia - 1', 'passionate': 'Mia - 1', 'understand': 'Mia - 1'}"
6.0,Ryan,"Ryan is an aspiring engineer fascinated by Robotics and Renewable Energy. His interests in Autonomous Systems and sustainable technologies drive his innovative projects, aiming to create a more efficient and eco-friendly future.",Robotics,"Ryan is an aspiring engineer fascinated by Robotics and Renewable Energy . His interest in Autonomous Systems and sustainable technology drive his innovative project , aiming to create a more efficient and eco-friendly future .","Ryan aspiring engineer fascinated Robotics Renewable Energy . interest Autonomous Systems sustainable technology drive innovative project , aiming create efficient eco-friendly future .","['Ryan', 'aspiring', 'engineer', 'fascinated', 'Robotics', 'Renewable', 'Energy', '.', 'interest', 'Autonomous', 'Systems', 'sustainable', 'technology', 'drive', 'innovative', 'project', ',', 'aiming', 'create', 'efficient', 'eco-friendly', 'future', '.']","[('Ryan', 'JJ'), ('aspiring', 'VBG'), ('engineer', 'NN'), ('fascinated', 'VBD'), ('Robotics', 'NNP'), ('Renewable', 'NNP'), ('Energy', 'NNP'), ('.', '.'), ('interest', 'NN'), ('Autonomous', 'JJ'), ('Systems', 'NNP'), ('sustainable', 'JJ'), ('technology', 'NN'), ('drive', 'NN'), ('innovative', 'JJ'), ('project', 'NN'), (',', ','), ('aiming', 'VBG'), ('create', 'JJ'), ('efficient', 'JJ'), ('eco-friendly', 'JJ'), ('future', 'NN'), ('.', '.')]",engineer interest technology drive project future  Robotics Renewable Energy Systems , fascinated aspiring aiming   ,Ryan Autonomous sustainable innovative create efficient eco-friendly,"['ryan', 'aspire', 'engineer', 'fascinated', 'robotic', 'Renewable', 'Energy', 'interest', 'Autonomous', 'Systems', 'sustainable', 'technology', 'drive', 'innovative', 'project', 'aim', 'create', 'efficient', 'eco', 'friendly', 'future']","{'ryan': 1, 'aspire': 1, 'engineer': 1, 'fascinated': 1, 'robotic': 1, 'Renewable': 1, 'Energy': 1, 'interest': 1, 'Autonomous': 1, 'Systems': 1, 'sustainable': 1, 'technology': 1, 'drive': 1, 'innovative': 1, 'project': 1, 'aim': 1, 'create': 1, 'efficient': 1, 'eco': 1, 'friendly': 1, 'future': 1}","['ryan', 'aspire', 'engineer', 'fascinated', 'robotic', 'Renewable', 'Energy']","{'ryan': 1, 'aspire': 3, 'engineer': 1, 'fascinated': 1, 'robotic': 1, 'Renewable': 1, 'Energy': 1}","{'ryan': 'Ryan - 1', 'aspire': 'Ryan - 1, Max - 1, Oliver - 1', 'engineer': 'Ryan - 1', 'fascinated': 'Ryan - 1', 'robotic': 'Ryan - 1', 'Renewable': 'Ryan - 1', 'Energy': 'Ryan - 1'}"
7.0,Sophia,Sophia is a psychology enthusiast exploring the intricacies of human behavior through her studies in Psychology and Sociology. Her interests in Mental Health Studies and Social Justice fuel her advocacy for mental well-being and societal equality.,Psychology,Sophia is a psychology enthusiast exploring the intricacy of human behavior through her study in Psychology and Sociology . Her interest in Mental Health Studies and Social Justice fuel her advocacy for mental well-being and societal equality .,Sophia psychology enthusiast exploring intricacy human behavior study Psychology Sociology . interest Mental Health Studies Social Justice fuel advocacy mental well-being societal equality .,"['Sophia', 'psychology', 'enthusiast', 'exploring', 'intricacy', 'human', 'behavior', 'study', 'Psychology', 'Sociology', '.', 'interest', 'Mental', 'Health', 'Studies', 'Social', 'Justice', 'fuel', 'advocacy', 'mental', 'well-being', 'societal', 'equality', '.']","[('Sophia', 'NNP'), ('psychology', 'NN'), ('enthusiast', 'NN'), ('exploring', 'VBG'), ('intricacy', 'NN'), ('human', 'JJ'), ('behavior', 'NN'), ('study', 'NN'), ('Psychology', 'NNP'), ('Sociology', 'NNP'), ('.', '.'), ('interest', 'NN'), ('Mental', 'NNP'), ('Health', 'NNP'), ('Studies', 'NNP'), ('Social', 'NNP'), ('Justice', 'NNP'), ('fuel', 'NN'), ('advocacy', 'NN'), ('mental', 'JJ'), ('well-being', 'JJ'), ('societal', 'JJ'), ('equality', 'NN'), ('.', '.')]",psychology enthusiast intricacy behavior study interest fuel advocacy equality  Sophia Psychology Sociology Mental Health Studies Social Justice ,  exploring   ,human mental well-being societal,"['Sophia', 'psychology', 'enthusiast', 'explore', 'intricacy', 'human', 'behavior', 'study', 'psychology', 'Sociology', 'interest', 'Mental', 'Health', 'Studies', 'Social', 'Justice', 'fuel', 'advocacy', 'mental', 'well', 'societal', 'equality']","{'psychology': 2, 'Sophia': 1, 'enthusiast': 1, 'explore': 1, 'intricacy': 1, 'human': 1, 'behavior': 1, 'study': 1, 'Sociology': 1, 'interest': 1, 'Mental': 1, 'Health': 1, 'Studies': 1, 'Social': 1, 'Justice': 1, 'fuel': 1, 'advocacy': 1, 'mental': 1, 'well': 1, 'societal': 1, 'equality': 1}","['psychology', 'Sophia', 'enthusiast', 'explore', 'intricacy', 'human', 'behavior']","{'psychology': 0, 'Sophia': 1, 'enthusiast': 5, 'explore': 2, 'intricacy': 0, 'human': 0, 'behavior': 0}","{'psychology': '', 'Sophia': 'Sophia - 1', 'enthusiast': 'Alex - 1, James - 1, Lucas - 1, Oliver - 1, William - 1', 'explore': 'Leo - 1, William - 1', 'intricacy': '', 'human': '', 'behavior': ''}"
8.0,Lucas,"Lucas is an art aficionado studying Art History and Fine Arts. His interests in Contemporary Art and Sculpture inspire his creative expressions, as he explores the diverse forms and meanings of artistic endeavors.",Art,"Lucas is an art aficionado studying Art History and Fine Arts . His interest in Contemporary Art and Sculpture inspire his creative expression , a he explores the diverse form and meaning of artistic endeavor .","Lucas art aficionado studying Art History Fine Arts . interest Contemporary Art Sculpture inspire creative expression , explores diverse form meaning artistic endeavor .","['Lucas', 'art', 'aficionado', 'studying', 'Art', 'History', 'Fine', 'Arts', '.', 'interest', 'Contemporary', 'Art', 'Sculpture', 'inspire', 'creative', 'expression', ',', 'explores', 'diverse', 'form', 'meaning', 'artistic', 'endeavor', '.']","[('Lucas', 'NNP'), ('art', 'NN'), ('aficionado', 'NN'), ('studying', 'VBG'), ('Art', 'NNP'), ('History', 'NNP'), ('Fine', 'NNP'), ('Arts', 'NNP'), ('.', '.'), ('interest', 'NN'), ('Contemporary', 'JJ'), ('Art', 'NNP'), ('Sculpture', 'NNP'), ('inspire', 'VBP'), ('creative', 'JJ'), ('expression', 'NN'), (',', ','), ('explores', 'VBZ'), ('diverse', 'JJ'), ('form', 'NN'), ('meaning', 'NN'), ('artistic', 'JJ'), ('endeavor', 'NN'), ('.', '.')]",art aficionado interest expression form meaning endeavor  Lucas Art History Fine Arts Art Sculpture ,  studying  inspire explores,Contemporary creative diverse artistic,"['Lucas', 'art', 'aficionado', 'study', 'Art', 'History', 'Fine', 'Arts', 'interest', 'Contemporary', 'Art', 'Sculpture', 'inspire', 'creative', 'expression', 'explore', 'diverse', 'form', 'mean', 'artistic', 'endeavor']","{'Art': 2, 'Lucas': 1, 'art': 1, 'aficionado': 1, 'study': 1, 'History': 1, 'Fine': 1, 'Arts': 1, 'interest': 1, 'Contemporary': 1, 'Sculpture': 1, 'inspire': 1, 'creative': 1, 'expression': 1, 'explore': 1, 'diverse': 1, 'form': 1, 'mean': 1, 'artistic': 1, 'endeavor': 1}","['Art', 'Lucas', 'art', 'aficionado', 'study', 'History', 'Fine']","{'Art': 2, 'Lucas': 1, 'art': 2, 'aficionado': 0, 'study': 6, 'History': 2, 'Fine': 1}","{'Art': 'Lucas - 1, Amelia - 1', 'Lucas': 'Lucas - 1', 'art': 'Lucas - 1, Amelia - 1', 'aficionado': '', 'study': 'Alex - 1, Lucas - 1, Ava - 1, Leo - 1, Amelia - 1, Oliver - 1', 'History': 'Amelia - 1, William - 1', 'Fine': 'Lucas - 1'}"
9.0,Ethan ,Ethan is a linguistics and anthropology student passionate about language and culture. His interests in Language Evolution and Cultural Diversity drive his research into the ways societies communicate and evolve over time.,Evolution,Ethan is a linguistics and anthropology student passionate about language and culture . His interest in Language Evolution and Cultural Diversity drive his research into the way society communicate and evolve over time .,Ethan linguistics anthropology student passionate language culture . interest Language Evolution Cultural Diversity drive research way society communicate evolve time .,"['Ethan', 'linguistics', 'anthropology', 'student', 'passionate', 'language', 'culture', '.', 'interest', 'Language', 'Evolution', 'Cultural', 'Diversity', 'drive', 'research', 'way', 'society', 'communicate', 'evolve', 'time', '.']","[('Ethan', 'NNP'), ('linguistics', 'NNS'), ('anthropology', 'VBP'), ('student', 'NN'), ('passionate', 'NN'), ('language', 'NN'), ('culture', 'NN'), ('.', '.'), ('interest', 'NN'), ('Language', 'NN'), ('Evolution', 'NNP'), ('Cultural', 'NNP'), ('Diversity', 'NNP'), ('drive', 'VBP'), ('research', 'NN'), ('way', 'NN'), ('society', 'NN'), ('communicate', 'NN'), ('evolve', 'NN'), ('time', 'NN'), ('.', '.')]",student passionate language culture interest Language research way society communicate evolve time linguistics Ethan Evolution Cultural Diversity ,    anthropology drive ,,"['Ethan', 'linguistic', 'anthropology', 'student', 'passionate', 'language', 'culture', 'interest', 'Language', 'Evolution', 'Cultural', 'Diversity', 'drive', 'research', 'way', 'society', 'communicate', 'evolve', 'time']","{'Ethan': 1, 'linguistic': 1, 'anthropology': 1, 'student': 1, 'passionate': 1, 'language': 1, 'culture': 1, 'interest': 1, 'Language': 1, 'Evolution': 1, 'Cultural': 1, 'Diversity': 1, 'drive': 1, 'research': 1, 'way': 1, 'society': 1, 'communicate': 1, 'evolve': 1, 'time': 1}","['Ethan', 'linguistic', 'anthropology', 'student', 'passionate', 'language', 'culture']","{'Ethan': 1, 'linguistic': 0, 'anthropology': 0, 'student': 5, 'passionate': 1, 'language': 1, 'culture': 1}","{'Ethan': 'Ethan  - 1', 'linguistic': '', 'anthropology': '', 'student': 'Sarah - 1, Mia - 1, Sophia - 1, Lily - 1, Max - 1', 'passionate': 'Mia - 1', 'language': 'Ava - 1', 'culture': 'Ava - 1'}"
10.0,Olivia,"Olivia is a budding environmental scientist specializing in Environmental Science and Geology. Her interests in Climate Change Research and Geological Mapping propel her studies, as she seeks to understand and protect the Earth's natural systems for future generations.",Geology,"Olivia is a budding environmental scientist specializing in Environmental Science and Geology . Her interest in Climate Change Research and Geological Mapping propel her study , a she seek to understand and protect the Earth 's natural system for future generation .","Olivia budding environmental scientist specializing Environmental Science Geology . interest Climate Change Research Geological Mapping propel study , seek understand protect Earth 's natural system future generation .","['Olivia', 'budding', 'environmental', 'scientist', 'specializing', 'Environmental', 'Science', 'Geology', '.', 'interest', 'Climate', 'Change', 'Research', 'Geological', 'Mapping', 'propel', 'study', ',', 'seek', 'understand', 'protect', 'Earth', ""'s"", 'natural', 'system', 'future', 'generation', '.']","[('Olivia', 'NNP'), ('budding', 'VBG'), ('environmental', 'JJ'), ('scientist', 'NN'), ('specializing', 'VBG'), ('Environmental', 'NNP'), ('Science', 'NNP'), ('Geology', 'NNP'), ('.', '.'), ('interest', 'NN'), ('Climate', 'NNP'), ('Change', 'NNP'), ('Research', 'NNP'), ('Geological', 'NNP'), ('Mapping', 'NNP'), ('propel', 'NN'), ('study', 'NN'), (',', ','), ('seek', 'JJ'), ('understand', 'NN'), ('protect', 'VBP'), ('Earth', 'NNP'), (""'s"", 'POS'), ('natural', 'JJ'), ('system', 'NN'), ('future', 'JJ'), ('generation', 'NN'), ('.', '.')]",scientist interest propel study understand system generation  Olivia Environmental Science Geology Climate Change Research Geological Mapping Earth ,  budding specializing  protect ,environmental seek natural future,"['Olivia', 'bud', 'environmental', 'scientist', 'specialize', 'Environmental', 'Science', 'Geology', 'interest', 'Climate', 'Change', 'Research', 'Geological', 'Mapping', 'propel', 'study', 'seek', 'understand', 'protect', 'Earth', ""'s"", 'natural', 'system', 'future', 'generation']","{'Olivia': 1, 'bud': 1, 'environmental': 1, 'scientist': 1, 'specialize': 1, 'Environmental': 1, 'Science': 1, 'Geology': 1, 'interest': 1, 'Climate': 1, 'Change': 1, 'Research': 1, 'Geological': 1, 'Mapping': 1, 'propel': 1, 'study': 1, 'seek': 1, 'understand': 1, 'protect': 1, 'Earth': 1, ""'s"": 1, 'natural': 1, 'system': 1, 'future': 1, 'generation': 1}","['Olivia', 'bud', 'environmental', 'scientist', 'specialize', 'Environmental', 'Science']","{'Olivia': 1, 'bud': 1, 'environmental': 1, 'scientist': 1, 'specialize': 1, 'Environmental': 3, 'Science': 8}","{'Olivia': 'Olivia - 1', 'bud': 'Olivia - 1', 'environmental': 'Olivia - 1', 'scientist': 'Olivia - 1', 'specialize': 'Olivia - 1', 'Environmental': 'Olivia - 1, Lily - 1, Isabella - 1', 'Science': 'Alex - 1, Mia - 1, Olivia - 1, Lily - 1, Zoe - 1, Oliver - 1, Isabella - 1, Gia - 1'}"
11.0,Lily,"Lily is a dedicated student focusing on Chemistry and Environmental Science. Her interests lie in Sustainable Chemistry and Climate Change Mitigation, where she seeks to apply her knowledge to address environmental challenges and promote sustainability.",Chemistry,"Lily is a dedicated student focusing on Chemistry and Environmental Science . Her interest lie in Sustainable Chemistry and Climate Change Mitigation , where she seek to apply her knowledge to address environmental challenge and promote sustainability .","Lily dedicated student focusing Chemistry Environmental Science . interest lie Sustainable Chemistry Climate Change Mitigation , seek apply knowledge address environmental challenge promote sustainability .","['Lily', 'dedicated', 'student', 'focusing', 'Chemistry', 'Environmental', 'Science', '.', 'interest', 'lie', 'Sustainable', 'Chemistry', 'Climate', 'Change', 'Mitigation', ',', 'seek', 'apply', 'knowledge', 'address', 'environmental', 'challenge', 'promote', 'sustainability', '.']","[('Lily', 'RB'), ('dedicated', 'VBN'), ('student', 'NN'), ('focusing', 'VBG'), ('Chemistry', 'NNP'), ('Environmental', 'NNP'), ('Science', 'NNP'), ('.', '.'), ('interest', 'NN'), ('lie', 'NN'), ('Sustainable', 'NNP'), ('Chemistry', 'NNP'), ('Climate', 'NNP'), ('Change', 'NNP'), ('Mitigation', 'NNP'), (',', ','), ('seek', 'JJ'), ('apply', 'NN'), ('knowledge', 'NN'), ('address', 'NN'), ('environmental', 'JJ'), ('challenge', 'NN'), ('promote', 'NN'), ('sustainability', 'NN'), ('.', '.')]",student interest lie apply knowledge address challenge promote sustainability  Chemistry Environmental Science Sustainable Chemistry Climate Change Mitigation ,  focusing dedicated  ,seek environmental,"['lily', 'dedicated', 'student', 'focus', 'Chemistry', 'Environmental', 'Science', 'interest', 'lie', 'sustainable', 'Chemistry', 'Climate', 'Change', 'Mitigation', 'seek', 'apply', 'knowledge', 'address', 'environmental', 'challenge', 'promote', 'sustainability']","{'Chemistry': 2, 'lily': 1, 'dedicated': 1, 'student': 1, 'focus': 1, 'Environmental': 1, 'Science': 1, 'interest': 1, 'lie': 1, 'sustainable': 1, 'Climate': 1, 'Change': 1, 'Mitigation': 1, 'seek': 1, 'apply': 1, 'knowledge': 1, 'address': 1, 'environmental': 1, 'challenge': 1, 'promote': 1, 'sustainability': 1}","['Chemistry', 'lily', 'dedicated', 'student', 'focus', 'Environmental', 'Science']","{'Chemistry': 2, 'lily': 1, 'dedicated': 3, 'student': 5, 'focus': 6, 'Environmental': 3, 'Science': 8}","{'Chemistry': 'James - 1, Lily - 1', 'lily': 'Lily - 1', 'dedicated': 'Sarah - 1, Sophia - 1, Lily - 1', 'student': 'Sarah - 1, Mia - 1, Sophia - 1, Lily - 1, Max - 1', 'focus': 'Emily - 1, Sophia - 1, Lily - 1, Noah - 1, Grace - 1, Henry - 1', 'Environmental': 'Olivia - 1, Lily - 1, Isabella - 1', 'Science': 'Alex - 1, Mia - 1, Olivia - 1, Lily - 1, Zoe - 1, Oliver - 1, Isabella - 1, Gia - 1'}"
12.0,Max,"Max is an aspiring Computer Engineering student with a keen interest in Cybersecurity. His passion for Network Security and Ethical Hacking drives his exploration of secure systems and ethical hacking practices, aiming to contribute to a safer digital world.",Cybersecurity,"Max is an aspiring Computer Engineering student with a keen interest in Cybersecurity . His passion for Network Security and Ethical Hacking drive his exploration of secure system and ethical hacking practice , aiming to contribute to a safer digital world .","Max aspiring Computer Engineering student keen interest Cybersecurity . passion Network Security Ethical Hacking drive exploration secure system ethical hacking practice , aiming contribute safer digital world .","['Max', 'aspiring', 'Computer', 'Engineering', 'student', 'keen', 'interest', 'Cybersecurity', '.', 'passion', 'Network', 'Security', 'Ethical', 'Hacking', 'drive', 'exploration', 'secure', 'system', 'ethical', 'hacking', 'practice', ',', 'aiming', 'contribute', 'safer', 'digital', 'world', '.']","[('Max', 'NNP'), ('aspiring', 'VBG'), ('Computer', 'NNP'), ('Engineering', 'NNP'), ('student', 'NN'), ('keen', 'JJ'), ('interest', 'NN'), ('Cybersecurity', 'NNP'), ('.', '.'), ('passion', 'NN'), ('Network', 'NNP'), ('Security', 'NNP'), ('Ethical', 'NNP'), ('Hacking', 'NNP'), ('drive', 'JJ'), ('exploration', 'NN'), ('secure', 'NN'), ('system', 'NN'), ('ethical', 'JJ'), ('hacking', 'NN'), ('practice', 'NN'), (',', ','), ('aiming', 'VBG'), ('contribute', 'NN'), ('safer', 'NN'), ('digital', 'JJ'), ('world', 'NN'), ('.', '.')]",student interest passion exploration secure system hacking practice contribute safer world  Max Computer Engineering Cybersecurity Network Security Ethical Hacking ,  aspiring aiming   ,keen drive ethical digital,"['Max', 'aspire', 'Computer', 'Engineering', 'student', 'keen', 'interest', 'Cybersecurity', 'passion', 'Network', 'Security', 'Ethical', 'Hacking', 'drive', 'exploration', 'secure', 'system', 'ethical', 'hacking', 'practice', 'aim', 'contribute', 'safe', 'digital', 'world']","{'Max': 1, 'aspire': 1, 'Computer': 1, 'Engineering': 1, 'student': 1, 'keen': 1, 'interest': 1, 'Cybersecurity': 1, 'passion': 1, 'Network': 1, 'Security': 1, 'Ethical': 1, 'Hacking': 1, 'drive': 1, 'exploration': 1, 'secure': 1, 'system': 1, 'ethical': 1, 'hacking': 1, 'practice': 1, 'aim': 1, 'contribute': 1, 'safe': 1, 'digital': 1, 'world': 1}","['Max', 'aspire', 'Computer', 'Engineering', 'student', 'keen', 'interest']","{'Max': 1, 'aspire': 3, 'Computer': 3, 'Engineering': 3, 'student': 5, 'keen': 1, 'interest': 3}","{'Max': 'Max - 1', 'aspire': 'Ryan - 1, Max - 1, Oliver - 1', 'Computer': 'Alex - 1, Max - 1, Oliver - 1', 'Engineering': 'Max - 1, Mason - 1, Benjamin - 1', 'student': 'Sarah - 1, Mia - 1, Sophia - 1, Lily - 1, Max - 1', 'keen': 'Max - 1', 'interest': 'Sarah - 1, James - 1, Max - 1'}"
13.0,Ava,"Ava delves into the world of language and culture through her studies in Linguistics and Translation Studies. With a fascination for Multilingualism and Cross-Cultural Communication, she aims to bridge linguistic gaps and foster understanding across diverse communities.",Cross-culture,"Ava delf into the world of language and culture through her study in Linguistics and Translation Studies . With a fascination for Multilingualism and Cross-Cultural Communication , she aim to bridge linguistic gap and foster understanding across diverse community .","Ava delf world language culture study Linguistics Translation Studies . fascination Multilingualism Cross-Cultural Communication , aim bridge linguistic gap foster understanding across diverse community .","['Ava', 'delf', 'world', 'language', 'culture', 'study', 'Linguistics', 'Translation', 'Studies', '.', 'fascination', 'Multilingualism', 'Cross-Cultural', 'Communication', ',', 'aim', 'bridge', 'linguistic', 'gap', 'foster', 'understanding', 'across', 'diverse', 'community', '.']","[('Ava', 'NNP'), ('delf', 'PRP'), ('world', 'NN'), ('language', 'NN'), ('culture', 'NN'), ('study', 'NN'), ('Linguistics', 'NNP'), ('Translation', 'NNP'), ('Studies', 'NNP'), ('.', '.'), ('fascination', 'NN'), ('Multilingualism', 'NNP'), ('Cross-Cultural', 'NNP'), ('Communication', 'NNP'), (',', ','), ('aim', 'NN'), ('bridge', 'NN'), ('linguistic', 'JJ'), ('gap', 'NN'), ('foster', 'NN'), ('understanding', 'VBG'), ('across', 'IN'), ('diverse', 'JJ'), ('community', 'NN'), ('.', '.')]",world language culture study fascination aim bridge gap foster community  Ava Linguistics Translation Studies Multilingualism Cross-Cultural Communication ,  understanding   ,linguistic diverse,"['ava', 'delf', 'world', 'language', 'culture', 'study', 'Linguistics', 'Translation', 'Studies', 'fascination', 'Multilingualism', 'Cross', 'cultural', 'Communication', 'aim', 'bridge', 'linguistic', 'gap', 'foster', 'understanding', 'across', 'diverse', 'community']","{'ava': 1, 'delf': 1, 'world': 1, 'language': 1, 'culture': 1, 'study': 1, 'Linguistics': 1, 'Translation': 1, 'Studies': 1, 'fascination': 1, 'Multilingualism': 1, 'Cross': 1, 'cultural': 1, 'Communication': 1, 'aim': 1, 'bridge': 1, 'linguistic': 1, 'gap': 1, 'foster': 1, 'understanding': 1, 'across': 1, 'diverse': 1, 'community': 1}","['ava', 'delf', 'world', 'language', 'culture', 'study', 'Linguistics']","{'ava': 1, 'delf': 5, 'world': 4, 'language': 1, 'culture': 1, 'study': 6, 'Linguistics': 1}","{'ava': 'Ava - 1', 'delf': 'Ava - 1, Harper - 1, Amelia - 1, Isabella - 1, Gia - 1', 'world': 'Ava - 1, Amelia - 1, Isabella - 1, Charlotte - 1', 'language': 'Ava - 1', 'culture': 'Ava - 1', 'study': 'Alex - 1, Lucas - 1, Ava - 1, Leo - 1, Amelia - 1, Oliver - 1', 'Linguistics': 'Ava - 1'}"
14.0,Noah,"Noah's academic focus on Economics and Finance reflects his interest in the intricacies of financial markets. Engaged in Stock Market Analysis and Financial Planning, he navigates the complexities of economic trends and financial decision-making with precision.",Finance,"Noah 's academic focus on Economics and Finance reflects his interest in the intricacy of financial market . Engaged in Stock Market Analysis and Financial Planning , he navigates the complexity of economic trend and financial decision-making with precision .","Noah 's academic focus Economics Finance reflects interest intricacy financial market . Engaged Stock Market Analysis Financial Planning , navigates complexity economic trend financial decision-making precision .","['Noah', ""'s"", 'academic', 'focus', 'Economics', 'Finance', 'reflects', 'interest', 'intricacy', 'financial', 'market', '.', 'Engaged', 'Stock', 'Market', 'Analysis', 'Financial', 'Planning', ',', 'navigates', 'complexity', 'economic', 'trend', 'financial', 'decision-making', 'precision', '.']","[('Noah', 'NNP'), (""'s"", 'POS'), ('academic', 'JJ'), ('focus', 'NN'), ('Economics', 'NNP'), ('Finance', 'NNP'), ('reflects', 'VBZ'), ('interest', 'NN'), ('intricacy', 'NN'), ('financial', 'JJ'), ('market', 'NN'), ('.', '.'), ('Engaged', 'JJ'), ('Stock', 'NNP'), ('Market', 'NNP'), ('Analysis', 'NNP'), ('Financial', 'NNP'), ('Planning', 'NNP'), (',', ','), ('navigates', 'VBZ'), ('complexity', 'JJ'), ('economic', 'JJ'), ('trend', 'NN'), ('financial', 'JJ'), ('decision-making', 'JJ'), ('precision', 'NN'), ('.', '.')]",focus interest intricacy market trend precision  Noah Economics Finance Stock Market Analysis Financial Planning ,     reflects navigates,academic financial Engaged complexity economic financial decision-making,"['Noah', ""'s"", 'academic', 'focus', 'Economics', 'Finance', 'reflect', 'interest', 'intricacy', 'financial', 'market', 'engage', 'Stock', 'Market', 'Analysis', 'Financial', 'Planning', 'navigate', 'complexity', 'economic', 'trend', 'financial', 'decision', 'make', 'precision']","{'financial': 2, 'Noah': 1, ""'s"": 1, 'academic': 1, 'focus': 1, 'Economics': 1, 'Finance': 1, 'reflect': 1, 'interest': 1, 'intricacy': 1, 'market': 1, 'engage': 1, 'Stock': 1, 'Market': 1, 'Analysis': 1, 'Financial': 1, 'Planning': 1, 'navigate': 1, 'complexity': 1, 'economic': 1, 'trend': 1, 'decision': 1, 'make': 1, 'precision': 1}","['financial', 'Noah', ""'s"", 'academic', 'focus', 'Economics', 'Finance']","{'financial': 2, 'Noah': 1, ""'s"": 5, 'academic': 4, 'focus': 6, 'Economics': 3, 'Finance': 2}","{'financial': 'Noah - 1, Henry - 1', 'Noah': 'Noah - 1', ""'s"": 'Ethan  - 1, Noah - 1, Mason - 1, Benjamin - 1, Henry - 1', 'academic': 'Ethan  - 1, Noah - 1, Benjamin - 1, Henry - 1', 'focus': 'Emily - 1, Sophia - 1, Lily - 1, Noah - 1, Grace - 1, Henry - 1', 'Economics': 'Mia - 1, Noah - 1, Harper - 1', 'Finance': 'Noah - 1, Henry - 1'}"
15.0,Zoe,"Zoe immerses herself in Political Science and International Relations, driven by a passion for diplomacy and global governance. Her interests in Diplomacy and Global Affairs fuel her aspirations to contribute to international cooperation and peace-building efforts.",Politics,"Zoe immerses herself in Political Science and International Relations , driven by a passion for diplomacy and global governance . Her interest in Diplomacy and Global Affairs fuel her aspiration to contribute to international cooperation and peace-building effort .","Zoe immerses Political Science International Relations , driven passion diplomacy global governance . interest Diplomacy Global Affairs fuel aspiration contribute international cooperation peace-building effort .","['Zoe', 'immerses', 'Political', 'Science', 'International', 'Relations', ',', 'driven', 'passion', 'diplomacy', 'global', 'governance', '.', 'interest', 'Diplomacy', 'Global', 'Affairs', 'fuel', 'aspiration', 'contribute', 'international', 'cooperation', 'peace-building', 'effort', '.']","[('Zoe', 'JJ'), ('immerses', 'VBZ'), ('Political', 'JJ'), ('Science', 'NNP'), ('International', 'NNP'), ('Relations', 'NNP'), (',', ','), ('driven', 'JJ'), ('passion', 'NN'), ('diplomacy', 'NN'), ('global', 'JJ'), ('governance', 'NN'), ('.', '.'), ('interest', 'NN'), ('Diplomacy', 'NN'), ('Global', 'NNP'), ('Affairs', 'NNP'), ('fuel', 'NN'), ('aspiration', 'NN'), ('contribute', 'VBP'), ('international', 'JJ'), ('cooperation', 'NN'), ('peace-building', 'JJ'), ('effort', 'NN'), ('.', '.')]",passion diplomacy governance interest Diplomacy fuel aspiration cooperation effort  Science International Relations Global Affairs ,    contribute immerses,Zoe Political driven global international peace-building,"['Zoe', 'immerse', 'Political', 'Science', 'International', 'Relations', 'drive', 'passion', 'diplomacy', 'global', 'governance', 'interest', 'Diplomacy', 'Global', 'Affairs', 'fuel', 'aspiration', 'contribute', 'international', 'cooperation', 'peace', 'building', 'effort']","{'Zoe': 1, 'immerse': 1, 'Political': 1, 'Science': 1, 'International': 1, 'Relations': 1, 'drive': 1, 'passion': 1, 'diplomacy': 1, 'global': 1, 'governance': 1, 'interest': 1, 'Diplomacy': 1, 'Global': 1, 'Affairs': 1, 'fuel': 1, 'aspiration': 1, 'contribute': 1, 'international': 1, 'cooperation': 1, 'peace': 1, 'building': 1, 'effort': 1}","['Zoe', 'immerse', 'Political', 'Science', 'International', 'Relations', 'drive']","{'Zoe': 1, 'immerse': 2, 'Political': 3, 'Science': 8, 'International': 1, 'Relations': 1, 'drive': 1}","{'Zoe': 'Zoe - 1', 'immerse': 'Zoe - 1, Charlotte - 1', 'Political': 'Mia - 1, Zoe - 1, Gia - 1', 'Science': 'Alex - 1, Mia - 1, Olivia - 1, Lily - 1, Zoe - 1, Oliver - 1, Isabella - 1, Gia - 1', 'International': 'Zoe - 1', 'Relations': 'Zoe - 1', 'drive': 'Zoe - 1'}"
16.0,Leo,"Leo explores the wonders of the universe through his studies in Physics and Astronomy. With a love for Astrophotography and Cosmology, he captures the beauty of celestial objects while unraveling the mysteries of the cosmos through scientific inquiry.",Cosmology,"Leo explores the wonder of the universe through his study in Physics and Astronomy . With a love for Astrophotography and Cosmology , he capture the beauty of celestial object while unraveling the mystery of the cosmos through scientific inquiry .","Leo explores wonder universe study Physics Astronomy . love Astrophotography Cosmology , capture beauty celestial object unraveling mystery cosmos scientific inquiry .","['Leo', 'explores', 'wonder', 'universe', 'study', 'Physics', 'Astronomy', '.', 'love', 'Astrophotography', 'Cosmology', ',', 'capture', 'beauty', 'celestial', 'object', 'unraveling', 'mystery', 'cosmos', 'scientific', 'inquiry', '.']","[('Leo', 'NNP'), ('explores', 'VBZ'), ('wonder', 'JJR'), ('universe', 'JJ'), ('study', 'NN'), ('Physics', 'NNP'), ('Astronomy', 'NNP'), ('.', '.'), ('love', 'VB'), ('Astrophotography', 'NNP'), ('Cosmology', 'NNP'), (',', ','), ('capture', 'NN'), ('beauty', 'NN'), ('celestial', 'JJ'), ('object', 'NN'), ('unraveling', 'VBG'), ('mystery', 'NN'), ('cosmos', 'NN'), ('scientific', 'JJ'), ('inquiry', 'NN'), ('.', '.')]",study capture beauty object mystery cosmos inquiry  Leo Physics Astronomy Astrophotography Cosmology ,love  unraveling   explores,universe celestial scientific,"['Leo', 'explore', 'wonder', 'universe', 'study', 'Physics', 'Astronomy', 'love', 'Astrophotography', 'Cosmology', 'capture', 'beauty', 'celestial', 'object', 'unravel', 'mystery', 'cosmos', 'scientific', 'inquiry']","{'Leo': 1, 'explore': 1, 'wonder': 1, 'universe': 1, 'study': 1, 'Physics': 1, 'Astronomy': 1, 'love': 1, 'Astrophotography': 1, 'Cosmology': 1, 'capture': 1, 'beauty': 1, 'celestial': 1, 'object': 1, 'unravel': 1, 'mystery': 1, 'cosmos': 1, 'scientific': 1, 'inquiry': 1}","['Leo', 'explore', 'wonder', 'universe', 'study', 'Physics', 'Astronomy']","{'Leo': 1, 'explore': 2, 'wonder': 1, 'universe': 1, 'study': 6, 'Physics': 2, 'Astronomy': 1}","{'Leo': 'Leo - 1', 'explore': 'Leo - 1, William - 1', 'wonder': 'Leo - 1', 'universe': 'Leo - 1', 'study': 'Alex - 1, Lucas - 1, Ava - 1, Leo - 1, Amelia - 1, Oliver - 1', 'Physics': 'Sarah - 1, Leo - 1', 'Astronomy': 'Leo - 1'}"
17.0,Harper,"Harper delves into the realms of Psychology and Behavioral Economics, exploring the complexities of human behavior and decision-making processes. With interests in Cognitive Psychology and Behavioral Economics, she seeks to understand how individuals make choices in various contexts.",Economics,"Harper delf into the realm of Psychology and Behavioral Economics , exploring the complexity of human behavior and decision-making process . With interest in Cognitive Psychology and Behavioral Economics , she seek to understand how individual make choice in various context .","Harper delf realm Psychology Behavioral Economics , exploring complexity human behavior decision-making process . interest Cognitive Psychology Behavioral Economics , seek understand individual make choice various context .","['Harper', 'delf', 'realm', 'Psychology', 'Behavioral', 'Economics', ',', 'exploring', 'complexity', 'human', 'behavior', 'decision-making', 'process', '.', 'interest', 'Cognitive', 'Psychology', 'Behavioral', 'Economics', ',', 'seek', 'understand', 'individual', 'make', 'choice', 'various', 'context', '.']","[('Harper', 'NNP'), ('delf', 'PRP'), ('realm', 'VBP'), ('Psychology', 'NNP'), ('Behavioral', 'NNP'), ('Economics', 'NNP'), (',', ','), ('exploring', 'VBG'), ('complexity', 'NN'), ('human', 'JJ'), ('behavior', 'JJ'), ('decision-making', 'JJ'), ('process', 'NN'), ('.', '.'), ('interest', 'NN'), ('Cognitive', 'NNP'), ('Psychology', 'NNP'), ('Behavioral', 'NNP'), ('Economics', 'NNP'), (',', ','), ('seek', 'JJ'), ('understand', 'VBP'), ('individual', 'JJ'), ('make', 'NN'), ('choice', 'NN'), ('various', 'JJ'), ('context', 'NN'), ('.', '.')]",complexity process interest make choice context  Harper Psychology Behavioral Economics Cognitive Psychology Behavioral Economics ,  exploring  realm understand ,human behavior decision-making seek individual various,"['harper', 'delf', 'realm', 'Psychology', 'Behavioral', 'Economics', 'explore', 'complexity', 'human', 'behavior', 'decision', 'make', 'process', 'interest', 'Cognitive', 'Psychology', 'Behavioral', 'Economics', 'seek', 'understand', 'individual', 'make', 'choice', 'various', 'context']","{'Psychology': 2, 'Behavioral': 2, 'Economics': 2, 'make': 2, 'harper': 1, 'delf': 1, 'realm': 1, 'explore': 1, 'complexity': 1, 'human': 1, 'behavior': 1, 'decision': 1, 'process': 1, 'interest': 1, 'Cognitive': 1, 'seek': 1, 'understand': 1, 'individual': 1, 'choice': 1, 'various': 1, 'context': 1}","['Psychology', 'Behavioral', 'Economics', 'make', 'harper', 'delf', 'realm']","{'Psychology': 1, 'Behavioral': 1, 'Economics': 3, 'make': 1, 'harper': 1, 'delf': 5, 'realm': 2}","{'Psychology': 'Harper - 1', 'Behavioral': 'Harper - 1', 'Economics': 'Mia - 1, Noah - 1, Harper - 1', 'make': 'Harper - 1', 'harper': 'Harper - 1', 'delf': 'Ava - 1, Harper - 1, Amelia - 1, Isabella - 1, Gia - 1', 'realm': 'Harper - 1, William - 1'}"
18.0,Mason,Mason's pursuits in Mechanical Engineering and Robotics reflect his fascination with automation and biomechanics. His interests in Automation and Robotics drive his exploration of innovative technologies that enhance efficiency and functionality in mechanical systems.,Robotics,Mason 's pursuit in Mechanical Engineering and Robotics reflect his fascination with automation and biomechanics . His interest in Automation and Robotics drive his exploration of innovative technology that enhance efficiency and functionality in mechanical system .,Mason 's pursuit Mechanical Engineering Robotics reflect fascination automation biomechanics . interest Automation Robotics drive exploration innovative technology enhance efficiency functionality mechanical system .,"['Mason', ""'s"", 'pursuit', 'Mechanical', 'Engineering', 'Robotics', 'reflect', 'fascination', 'automation', 'biomechanics', '.', 'interest', 'Automation', 'Robotics', 'drive', 'exploration', 'innovative', 'technology', 'enhance', 'efficiency', 'functionality', 'mechanical', 'system', '.']","[('Mason', 'NNP'), (""'s"", 'POS'), ('pursuit', 'NN'), ('Mechanical', 'NNP'), ('Engineering', 'NNP'), ('Robotics', 'NNP'), ('reflect', 'VBP'), ('fascination', 'NN'), ('automation', 'NN'), ('biomechanics', 'NNS'), ('.', '.'), ('interest', 'NN'), ('Automation', 'NN'), ('Robotics', 'NNP'), ('drive', 'NN'), ('exploration', 'NN'), ('innovative', 'JJ'), ('technology', 'NN'), ('enhance', 'NN'), ('efficiency', 'NN'), ('functionality', 'NN'), ('mechanical', 'JJ'), ('system', 'NN'), ('.', '.')]",pursuit fascination automation interest Automation drive exploration technology enhance efficiency functionality system biomechanics Mason Mechanical Engineering Robotics Robotics ,    reflect ,innovative mechanical,"['Mason', ""'s"", 'pursuit', 'Mechanical', 'Engineering', 'Robotics', 'reflect', 'fascination', 'automation', 'biomechanic', 'interest', 'Automation', 'Robotics', 'drive', 'exploration', 'innovative', 'technology', 'enhance', 'efficiency', 'functionality', 'mechanical', 'system']","{'Robotics': 2, 'Mason': 1, ""'s"": 1, 'pursuit': 1, 'Mechanical': 1, 'Engineering': 1, 'reflect': 1, 'fascination': 1, 'automation': 1, 'biomechanic': 1, 'interest': 1, 'Automation': 1, 'drive': 1, 'exploration': 1, 'innovative': 1, 'technology': 1, 'enhance': 1, 'efficiency': 1, 'functionality': 1, 'mechanical': 1, 'system': 1}","['Robotics', 'Mason', ""'s"", 'pursuit', 'Mechanical', 'Engineering', 'reflect']","{'Robotics': 1, 'Mason': 1, ""'s"": 5, 'pursuit': 2, 'Mechanical': 2, 'Engineering': 3, 'reflect': 1}","{'Robotics': 'Mason - 1', 'Mason': 'Mason - 1', ""'s"": 'Ethan  - 1, Noah - 1, Mason - 1, Benjamin - 1, Henry - 1', 'pursuit': 'Mason - 1, Benjamin - 1', 'Mechanical': 'Mason - 1, Benjamin - 1', 'Engineering': 'Max - 1, Mason - 1, Benjamin - 1', 'reflect': 'Mason - 1'}"
19.0,Amelia,"Amelia delves into the world of art through her studies in Art History and Fine Arts. With a focus on Contemporary Art Movements and Mixed Media, she expresses her creativity through diverse artistic forms, exploring modern art trends and techniques.",History,"Amelia delf into the world of art through her study in Art History and Fine Arts . With a focus on Contemporary Art Movements and Mixed Media , she express her creativity through diverse artistic form , exploring modern art trend and technique .","Amelia delf world art study Art History Fine Arts . focus Contemporary Art Movements Mixed Media , express creativity diverse artistic form , exploring modern art trend technique .","['Amelia', 'delf', 'world', 'art', 'study', 'Art', 'History', 'Fine', 'Arts', '.', 'focus', 'Contemporary', 'Art', 'Movements', 'Mixed', 'Media', ',', 'express', 'creativity', 'diverse', 'artistic', 'form', ',', 'exploring', 'modern', 'art', 'trend', 'technique', '.']","[('Amelia', 'NNP'), ('delf', 'PRP'), ('world', 'NN'), ('art', 'NN'), ('study', 'VBP'), ('Art', 'NNP'), ('History', 'NNP'), ('Fine', 'NNP'), ('Arts', 'NNP'), ('.', '.'), ('focus', 'NN'), ('Contemporary', 'JJ'), ('Art', 'NN'), ('Movements', 'NNS'), ('Mixed', 'JJ'), ('Media', 'NNP'), (',', ','), ('express', 'JJ'), ('creativity', 'NN'), ('diverse', 'RBR'), ('artistic', 'JJ'), ('form', 'NN'), (',', ','), ('exploring', 'VBG'), ('modern', 'JJ'), ('art', 'NN'), ('trend', 'NN'), ('technique', 'NN'), ('.', '.')]",world art focus Art creativity form art trend technique Movements Amelia Art History Fine Arts Media ,  exploring  study ,Contemporary Mixed express artistic modern,"['Amelia', 'delf', 'world', 'art', 'study', 'Art', 'History', 'Fine', 'Arts', 'focus', 'Contemporary', 'Art', 'Movements', 'Mixed', 'Media', 'express', 'creativity', 'diverse', 'artistic', 'form', 'explore', 'modern', 'art', 'trend', 'technique']","{'art': 2, 'Art': 2, 'Amelia': 1, 'delf': 1, 'world': 1, 'study': 1, 'History': 1, 'Fine': 1, 'Arts': 1, 'focus': 1, 'Contemporary': 1, 'Movements': 1, 'Mixed': 1, 'Media': 1, 'express': 1, 'creativity': 1, 'diverse': 1, 'artistic': 1, 'form': 1, 'explore': 1, 'modern': 1, 'trend': 1, 'technique': 1}","['art', 'Art', 'Amelia', 'delf', 'world', 'study', 'History']","{'art': 2, 'Art': 2, 'Amelia': 1, 'delf': 5, 'world': 4, 'study': 6, 'History': 2}","{'art': 'Lucas - 1, Amelia - 1', 'Art': 'Lucas - 1, Amelia - 1', 'Amelia': 'Amelia - 1', 'delf': 'Ava - 1, Harper - 1, Amelia - 1, Isabella - 1, Gia - 1', 'world': 'Ava - 1, Amelia - 1, Isabella - 1, Charlotte - 1', 'study': 'Alex - 1, Lucas - 1, Ava - 1, Leo - 1, Amelia - 1, Oliver - 1', 'History': 'Amelia - 1, William - 1'}"
20.0,Ethan ,"Ethan's academic journey in Biology and Genetics leads him into the realm of genetic engineering and biotechnology. With interests in Genetic Engineering and Biotechnology, he explores cutting-edge advancements in genetic manipulation for various applications in healthcare and beyond.",Genetic,"Ethan 's academic journey in Biology and Genetics lead him into the realm of genetic engineering and biotechnology . With interest in Genetic Engineering and Biotechnology , he explores cutting-edge advancement in genetic manipulation for various application in healthcare and beyond .","Ethan 's academic journey Biology Genetics lead realm genetic engineering biotechnology . interest Genetic Engineering Biotechnology , explores cutting-edge advancement genetic manipulation various application healthcare beyond .","['Ethan', ""'s"", 'academic', 'journey', 'Biology', 'Genetics', 'lead', 'realm', 'genetic', 'engineering', 'biotechnology', '.', 'interest', 'Genetic', 'Engineering', 'Biotechnology', ',', 'explores', 'cutting-edge', 'advancement', 'genetic', 'manipulation', 'various', 'application', 'healthcare', 'beyond', '.']","[('Ethan', 'NNP'), (""'s"", 'POS'), ('academic', 'JJ'), ('journey', 'NN'), ('Biology', 'NNP'), ('Genetics', 'NNP'), ('lead', 'JJ'), ('realm', 'NN'), ('genetic', 'JJ'), ('engineering', 'NN'), ('biotechnology', 'NN'), ('.', '.'), ('interest', 'NN'), ('Genetic', 'NNP'), ('Engineering', 'NNP'), ('Biotechnology', 'NNP'), (',', ','), ('explores', 'VBZ'), ('cutting-edge', 'JJ'), ('advancement', 'JJ'), ('genetic', 'JJ'), ('manipulation', 'NN'), ('various', 'JJ'), ('application', 'NN'), ('healthcare', 'NN'), ('beyond', 'IN'), ('.', '.')]",journey realm engineering biotechnology interest manipulation application healthcare  Ethan Biology Genetics Genetic Engineering Biotechnology ,     explores,academic lead genetic cutting-edge advancement genetic various,"['Ethan', ""'s"", 'academic', 'journey', 'Biology', 'Genetics', 'lead', 'realm', 'genetic', 'engineering', 'biotechnology', 'interest', 'Genetic', 'Engineering', 'Biotechnology', 'explore', 'cutting', 'edge', 'advancement', 'genetic', 'manipulation', 'various', 'application', 'healthcare', 'beyond']","{'genetic': 2, 'Ethan': 1, ""'s"": 1, 'academic': 1, 'journey': 1, 'Biology': 1, 'Genetics': 1, 'lead': 1, 'realm': 1, 'engineering': 1, 'biotechnology': 1, 'interest': 1, 'Genetic': 1, 'Engineering': 1, 'Biotechnology': 1, 'explore': 1, 'cutting': 1, 'edge': 1, 'advancement': 1, 'manipulation': 1, 'various': 1, 'application': 1, 'healthcare': 1, 'beyond': 1}","['genetic', 'Ethan', ""'s"", 'academic', 'journey', 'Biology', 'Genetics']","{'genetic': 1, 'Ethan': 1, ""'s"": 5, 'academic': 4, 'journey': 1, 'Biology': 3, 'Genetics': 1}","{'genetic': 'Ethan  - 1', 'Ethan': 'Ethan  - 1', ""'s"": 'Ethan  - 1, Noah - 1, Mason - 1, Benjamin - 1, Henry - 1', 'academic': 'Ethan  - 1, Noah - 1, Benjamin - 1, Henry - 1', 'journey': 'Ethan  - 1', 'Biology': 'James - 1, Ethan  - 1, Isabella - 1', 'Genetics': 'Ethan  - 1'}"
21.0,Sophia,"Sophia is a dedicated student focusing on Sociology and Gender Studies. Her interests lie in Social Justice and Intersectionality, where she explores the complexities of societal structures and advocates for equality across diverse communities.",Sociology,"Sophia is a dedicated student focusing on Sociology and Gender Studies . Her interest lie in Social Justice and Intersectionality , where she explores the complexity of societal structure and advocate for equality across diverse community .","Sophia dedicated student focusing Sociology Gender Studies . interest lie Social Justice Intersectionality , explores complexity societal structure advocate equality across diverse community .","['Sophia', 'dedicated', 'student', 'focusing', 'Sociology', 'Gender', 'Studies', '.', 'interest', 'lie', 'Social', 'Justice', 'Intersectionality', ',', 'explores', 'complexity', 'societal', 'structure', 'advocate', 'equality', 'across', 'diverse', 'community', '.']","[('Sophia', 'NNP'), ('dedicated', 'VBD'), ('student', 'NN'), ('focusing', 'VBG'), ('Sociology', 'NNP'), ('Gender', 'NNP'), ('Studies', 'NNPS'), ('.', '.'), ('interest', 'NN'), ('lie', 'NN'), ('Social', 'NNP'), ('Justice', 'NNP'), ('Intersectionality', 'NNP'), (',', ','), ('explores', 'VBZ'), ('complexity', 'JJ'), ('societal', 'JJ'), ('structure', 'NN'), ('advocate', 'NN'), ('equality', 'NN'), ('across', 'IN'), ('diverse', 'JJ'), ('community', 'NN'), ('.', '.')]",student interest lie structure advocate equality community  Sophia Sociology Gender Social Justice Intersectionality Studies, dedicated focusing   explores,complexity societal diverse,"['Sophia', 'dedicated', 'student', 'focus', 'Sociology', 'Gender', 'Studies', 'interest', 'lie', 'Social', 'Justice', 'Intersectionality', 'explore', 'complexity', 'societal', 'structure', 'advocate', 'equality', 'across', 'diverse', 'community']","{'Sophia': 1, 'dedicated': 1, 'student': 1, 'focus': 1, 'Sociology': 1, 'Gender': 1, 'Studies': 1, 'interest': 1, 'lie': 1, 'Social': 1, 'Justice': 1, 'Intersectionality': 1, 'explore': 1, 'complexity': 1, 'societal': 1, 'structure': 1, 'advocate': 1, 'equality': 1, 'across': 1, 'diverse': 1, 'community': 1}","['Sophia', 'dedicated', 'student', 'focus', 'Sociology', 'Gender', 'Studies']","{'Sophia': 1, 'dedicated': 3, 'student': 5, 'focus': 6, 'Sociology': 1, 'Gender': 1, 'Studies': 1}","{'Sophia': 'Sophia - 1', 'dedicated': 'Sarah - 1, Sophia - 1, Lily - 1', 'student': 'Sarah - 1, Mia - 1, Sophia - 1, Lily - 1, Max - 1', 'focus': 'Emily - 1, Sophia - 1, Lily - 1, Noah - 1, Grace - 1, Henry - 1', 'Sociology': 'Sophia - 1', 'Gender': 'Sophia - 1', 'Studies': 'Sophia - 1'}"
22.0,Oliver,Oliver is an aspiring tech enthusiast studying Computer Science and Software Engineering. His interests in App Development and Cybersecurity drive his passion for creating innovative software solutions and ensuring digital security.,Software,Oliver is an aspiring tech enthusiast studying Computer Science and Software Engineering . His interest in App Development and Cybersecurity drive his passion for creating innovative software solution and ensuring digital security .,Oliver aspiring tech enthusiast studying Computer Science Software Engineering . interest App Development Cybersecurity drive passion creating innovative software solution ensuring digital security .,"['Oliver', 'aspiring', 'tech', 'enthusiast', 'studying', 'Computer', 'Science', 'Software', 'Engineering', '.', 'interest', 'App', 'Development', 'Cybersecurity', 'drive', 'passion', 'creating', 'innovative', 'software', 'solution', 'ensuring', 'digital', 'security', '.']","[('Oliver', 'IN'), ('aspiring', 'VBG'), ('tech', 'NN'), ('enthusiast', 'NN'), ('studying', 'VBG'), ('Computer', 'NNP'), ('Science', 'NNP'), ('Software', 'NNP'), ('Engineering', 'NNP'), ('.', '.'), ('interest', 'NN'), ('App', 'NNP'), ('Development', 'NNP'), ('Cybersecurity', 'NNP'), ('drive', 'VBP'), ('passion', 'NN'), ('creating', 'VBG'), ('innovative', 'JJ'), ('software', 'NN'), ('solution', 'NN'), ('ensuring', 'VBG'), ('digital', 'JJ'), ('security', 'NN'), ('.', '.')]",tech enthusiast interest passion software solution security  Computer Science Software Engineering App Development Cybersecurity ,  aspiring studying creating ensuring  drive ,innovative digital,"['Oliver', 'aspire', 'tech', 'enthusiast', 'study', 'Computer', 'Science', 'Software', 'Engineering', 'interest', 'App', 'Development', 'Cybersecurity', 'drive', 'passion', 'create', 'innovative', 'software', 'solution', 'ensure', 'digital', 'security']","{'Oliver': 1, 'aspire': 1, 'tech': 1, 'enthusiast': 1, 'study': 1, 'Computer': 1, 'Science': 1, 'Software': 1, 'Engineering': 1, 'interest': 1, 'App': 1, 'Development': 1, 'Cybersecurity': 1, 'drive': 1, 'passion': 1, 'create': 1, 'innovative': 1, 'software': 1, 'solution': 1, 'ensure': 1, 'digital': 1, 'security': 1}","['Oliver', 'aspire', 'tech', 'enthusiast', 'study', 'Computer', 'Science']","{'Oliver': 1, 'aspire': 3, 'tech': 2, 'enthusiast': 5, 'study': 6, 'Computer': 3, 'Science': 8}","{'Oliver': 'Oliver - 1', 'aspire': 'Ryan - 1, Max - 1, Oliver - 1', 'tech': 'Alex - 1, Oliver - 1', 'enthusiast': 'Alex - 1, James - 1, Lucas - 1, Oliver - 1, William - 1', 'study': 'Alex - 1, Lucas - 1, Ava - 1, Leo - 1, Amelia - 1, Oliver - 1', 'Computer': 'Alex - 1, Max - 1, Oliver - 1', 'Science': 'Alex - 1, Mia - 1, Olivia - 1, Lily - 1, Zoe - 1, Oliver - 1, Isabella - 1, Gia - 1'}"
23.0,Isabella,"Isabella delves into the world of Environmental Science and Marine Biology. With a focus on Marine Conservation and Oceanography, she is committed to protecting marine ecosystems and studying the intricate dynamics of ocean life.",Marine,"Isabella delf into the world of Environmental Science and Marine Biology . With a focus on Marine Conservation and Oceanography , she is committed to protecting marine ecosystem and studying the intricate dynamic of ocean life .","Isabella delf world Environmental Science Marine Biology . focus Marine Conservation Oceanography , committed protecting marine ecosystem studying intricate dynamic ocean life .","['Isabella', 'delf', 'world', 'Environmental', 'Science', 'Marine', 'Biology', '.', 'focus', 'Marine', 'Conservation', 'Oceanography', ',', 'committed', 'protecting', 'marine', 'ecosystem', 'studying', 'intricate', 'dynamic', 'ocean', 'life', '.']","[('Isabella', 'NNP'), ('delf', 'PRP'), ('world', 'NN'), ('Environmental', 'NNP'), ('Science', 'NNP'), ('Marine', 'NNP'), ('Biology', 'NNP'), ('.', '.'), ('focus', 'VB'), ('Marine', 'NNP'), ('Conservation', 'NNP'), ('Oceanography', 'NNP'), (',', ','), ('committed', 'VBD'), ('protecting', 'VBG'), ('marine', 'NN'), ('ecosystem', 'NN'), ('studying', 'VBG'), ('intricate', 'JJ'), ('dynamic', 'JJ'), ('ocean', 'JJ'), ('life', 'NN'), ('.', '.')]",world marine ecosystem life  Isabella Environmental Science Marine Biology Marine Conservation Oceanography ,focus committed protecting studying   ,intricate dynamic ocean,"['isabella', 'delf', 'world', 'Environmental', 'Science', 'Marine', 'Biology', 'focus', 'Marine', 'Conservation', 'Oceanography', 'commit', 'protect', 'marine', 'ecosystem', 'study', 'intricate', 'dynamic', 'ocean', 'life']","{'Marine': 2, 'isabella': 1, 'delf': 1, 'world': 1, 'Environmental': 1, 'Science': 1, 'Biology': 1, 'focus': 1, 'Conservation': 1, 'Oceanography': 1, 'commit': 1, 'protect': 1, 'marine': 1, 'ecosystem': 1, 'study': 1, 'intricate': 1, 'dynamic': 1, 'ocean': 1, 'life': 1}","['Marine', 'isabella', 'delf', 'world', 'Environmental', 'Science', 'Biology']","{'Marine': 1, 'isabella': 1, 'delf': 5, 'world': 4, 'Environmental': 3, 'Science': 8, 'Biology': 3}","{'Marine': 'Isabella - 1', 'isabella': 'Isabella - 1', 'delf': 'Ava - 1, Harper - 1, Amelia - 1, Isabella - 1, Gia - 1', 'world': 'Ava - 1, Amelia - 1, Isabella - 1, Charlotte - 1', 'Environmental': 'Olivia - 1, Lily - 1, Isabella - 1', 'Science': 'Alex - 1, Mia - 1, Olivia - 1, Lily - 1, Zoe - 1, Oliver - 1, Isabella - 1, Gia - 1', 'Biology': 'James - 1, Ethan  - 1, Isabella - 1'}"
24.0,William,"William is a history enthusiast exploring the realms of History and Archaeology. His interests in Ancient Civilizations and Historical Preservation drive his research into the past, uncovering the stories and artifacts that shape our understanding of ancient cultures.",Archaelogy,"William is a history enthusiast exploring the realm of History and Archaeology . His interest in Ancient Civilizations and Historical Preservation drive his research into the past , uncovering the story and artifact that shape our understanding of ancient culture .","William history enthusiast exploring realm History Archaeology . interest Ancient Civilizations Historical Preservation drive research past , uncovering story artifact shape understanding ancient culture .","['William', 'history', 'enthusiast', 'exploring', 'realm', 'History', 'Archaeology', '.', 'interest', 'Ancient', 'Civilizations', 'Historical', 'Preservation', 'drive', 'research', 'past', ',', 'uncovering', 'story', 'artifact', 'shape', 'understanding', 'ancient', 'culture', '.']","[('William', 'NNP'), ('history', 'NN'), ('enthusiast', 'NN'), ('exploring', 'VBG'), ('realm', 'JJ'), ('History', 'NNP'), ('Archaeology', 'NNP'), ('.', '.'), ('interest', 'NN'), ('Ancient', 'JJ'), ('Civilizations', 'NNP'), ('Historical', 'NNP'), ('Preservation', 'NNP'), ('drive', 'NN'), ('research', 'NN'), ('past', 'NN'), (',', ','), ('uncovering', 'VBG'), ('story', 'NN'), ('artifact', 'JJ'), ('shape', 'NN'), ('understanding', 'VBG'), ('ancient', 'JJ'), ('culture', 'NN'), ('.', '.')]",history enthusiast interest drive research past story shape culture  William History Archaeology Civilizations Historical Preservation ,  exploring uncovering understanding   ,realm Ancient artifact ancient,"['William', 'history', 'enthusiast', 'explore', 'realm', 'History', 'Archaeology', 'interest', 'Ancient', 'Civilizations', 'Historical', 'Preservation', 'drive', 'research', 'past', 'uncover', 'story', 'artifact', 'shape', 'understand', 'ancient', 'culture']","{'William': 1, 'history': 1, 'enthusiast': 1, 'explore': 1, 'realm': 1, 'History': 1, 'Archaeology': 1, 'interest': 1, 'Ancient': 1, 'Civilizations': 1, 'Historical': 1, 'Preservation': 1, 'drive': 1, 'research': 1, 'past': 1, 'uncover': 1, 'story': 1, 'artifact': 1, 'shape': 1, 'understand': 1, 'ancient': 1, 'culture': 1}","['William', 'history', 'enthusiast', 'explore', 'realm', 'History', 'Archaeology']","{'William': 1, 'history': 1, 'enthusiast': 5, 'explore': 2, 'realm': 2, 'History': 2, 'Archaeology': 1}","{'William': 'William - 1', 'history': 'William - 1', 'enthusiast': 'Alex - 1, James - 1, Lucas - 1, Oliver - 1, William - 1', 'explore': 'Leo - 1, William - 1', 'realm': 'Harper - 1, William - 1', 'History': 'Amelia - 1, William - 1', 'Archaeology': 'William - 1'}"
25.0,Grace,"Grace focuses on Public Health and Epidemiology, with a passion for Disease Prevention and Global Health initiatives. Her dedication to promoting health and well-being drives her research into preventing diseases and improving healthcare systems worldwide.",Epidemilogy,"Grace focus on Public Health and Epidemiology , with a passion for Disease Prevention and Global Health initiative . Her dedication to promoting health and well-being drive her research into preventing disease and improving healthcare system worldwide .","Grace focus Public Health Epidemiology , passion Disease Prevention Global Health initiative . dedication promoting health well-being drive research preventing disease improving healthcare system worldwide .","['Grace', 'focus', 'Public', 'Health', 'Epidemiology', ',', 'passion', 'Disease', 'Prevention', 'Global', 'Health', 'initiative', '.', 'dedication', 'promoting', 'health', 'well-being', 'drive', 'research', 'preventing', 'disease', 'improving', 'healthcare', 'system', 'worldwide', '.']","[('Grace', 'NNP'), ('focus', 'VBZ'), ('Public', 'NNP'), ('Health', 'NNP'), ('Epidemiology', 'NNP'), (',', ','), ('passion', 'NN'), ('Disease', 'NNP'), ('Prevention', 'NNP'), ('Global', 'NNP'), ('Health', 'NNP'), ('initiative', 'NN'), ('.', '.'), ('dedication', 'NN'), ('promoting', 'VBG'), ('health', 'NN'), ('well-being', 'JJ'), ('drive', 'NN'), ('research', 'NN'), ('preventing', 'VBG'), ('disease', 'NN'), ('improving', 'VBG'), ('healthcare', 'NN'), ('system', 'NN'), ('worldwide', 'NN'), ('.', '.')]",passion initiative dedication health drive research disease healthcare system worldwide  Grace Public Health Epidemiology Disease Prevention Global Health ,  promoting preventing improving   focus,well-being,"['grace', 'focus', 'Public', 'Health', 'Epidemiology', 'passion', 'Disease', 'Prevention', 'Global', 'Health', 'initiative', 'dedication', 'promote', 'health', 'well', 'drive', 'research', 'prevent', 'disease', 'improve', 'healthcare', 'system', 'worldwide']","{'Health': 2, 'grace': 1, 'focus': 1, 'Public': 1, 'Epidemiology': 1, 'passion': 1, 'Disease': 1, 'Prevention': 1, 'Global': 1, 'initiative': 1, 'dedication': 1, 'promote': 1, 'health': 1, 'well': 1, 'drive': 1, 'research': 1, 'prevent': 1, 'disease': 1, 'improve': 1, 'healthcare': 1, 'system': 1, 'worldwide': 1}","['Health', 'grace', 'focus', 'Public', 'Epidemiology', 'passion', 'Disease']","{'Health': 1, 'grace': 1, 'focus': 6, 'Public': 1, 'Epidemiology': 1, 'passion': 3, 'Disease': 1}","{'Health': 'Grace - 1', 'grace': 'Grace - 1', 'focus': 'Emily - 1, Sophia - 1, Lily - 1, Noah - 1, Grace - 1, Henry - 1', 'Public': 'Grace - 1', 'Epidemiology': 'Grace - 1', 'passion': 'Sarah - 1, Grace - 1, Charlotte - 1', 'Disease': 'Grace - 1'}"
26.0,Benjamin,Benjamin's academic pursuits in Mechanical Engineering and Aerospace Engineering reflect his fascination with Space Exploration and Aerodynamics. His interests in pushing the boundaries of aerospace technology drive his exploration of innovative engineering solutions for space travel.,Mechanical,Benjamin 's academic pursuit in Mechanical Engineering and Aerospace Engineering reflect his fascination with Space Exploration and Aerodynamics . His interest in pushing the boundary of aerospace technology drive his exploration of innovative engineering solution for space travel .,Benjamin 's academic pursuit Mechanical Engineering Aerospace Engineering reflect fascination Space Exploration Aerodynamics . interest pushing boundary aerospace technology drive exploration innovative engineering solution space travel .,"['Benjamin', ""'s"", 'academic', 'pursuit', 'Mechanical', 'Engineering', 'Aerospace', 'Engineering', 'reflect', 'fascination', 'Space', 'Exploration', 'Aerodynamics', '.', 'interest', 'pushing', 'boundary', 'aerospace', 'technology', 'drive', 'exploration', 'innovative', 'engineering', 'solution', 'space', 'travel', '.']","[('Benjamin', 'NNP'), (""'s"", 'POS'), ('academic', 'JJ'), ('pursuit', 'NN'), ('Mechanical', 'NNP'), ('Engineering', 'NNP'), ('Aerospace', 'NNP'), ('Engineering', 'NNP'), ('reflect', 'NN'), ('fascination', 'NN'), ('Space', 'NNP'), ('Exploration', 'NNP'), ('Aerodynamics', 'NNP'), ('.', '.'), ('interest', 'NN'), ('pushing', 'VBG'), ('boundary', 'JJ'), ('aerospace', 'NN'), ('technology', 'NN'), ('drive', 'NN'), ('exploration', 'NN'), ('innovative', 'JJ'), ('engineering', 'NN'), ('solution', 'NN'), ('space', 'NN'), ('travel', 'NN'), ('.', '.')]",pursuit reflect fascination interest aerospace technology drive exploration engineering solution space travel  Benjamin Mechanical Engineering Aerospace Engineering Space Exploration Aerodynamics ,  pushing   ,academic boundary innovative,"['Benjamin', ""'s"", 'academic', 'pursuit', 'Mechanical', 'Engineering', 'Aerospace', 'Engineering', 'reflect', 'fascination', 'Space', 'Exploration', 'Aerodynamics', 'interest', 'push', 'boundary', 'aerospace', 'technology', 'drive', 'exploration', 'innovative', 'engineering', 'solution', 'space', 'travel']","{'Engineering': 2, 'Benjamin': 1, ""'s"": 1, 'academic': 1, 'pursuit': 1, 'Mechanical': 1, 'Aerospace': 1, 'reflect': 1, 'fascination': 1, 'Space': 1, 'Exploration': 1, 'Aerodynamics': 1, 'interest': 1, 'push': 1, 'boundary': 1, 'aerospace': 1, 'technology': 1, 'drive': 1, 'exploration': 1, 'innovative': 1, 'engineering': 1, 'solution': 1, 'space': 1, 'travel': 1}","['Engineering', 'Benjamin', ""'s"", 'academic', 'pursuit', 'Mechanical', 'Aerospace']","{'Engineering': 3, 'Benjamin': 1, ""'s"": 5, 'academic': 4, 'pursuit': 2, 'Mechanical': 2, 'Aerospace': 1}","{'Engineering': 'Max - 1, Mason - 1, Benjamin - 1', 'Benjamin': 'Benjamin - 1', ""'s"": 'Ethan  - 1, Noah - 1, Mason - 1, Benjamin - 1, Henry - 1', 'academic': 'Ethan  - 1, Noah - 1, Benjamin - 1, Henry - 1', 'pursuit': 'Mason - 1, Benjamin - 1', 'Mechanical': 'Mason - 1, Benjamin - 1', 'Aerospace': 'Benjamin - 1'}"
27.0,Gia,"Gia delves into Political Science and Human Rights, with a focus on International Law and Advocacy. Her passion for promoting human rights and advocating for justice on a global scale fuels her commitment to understanding legal frameworks and advocating for marginalized communities.",Political Science,"Gia delf into Political Science and Human Rights , with a focus on International Law and Advocacy . Her passion for promoting human right and advocating for justice on a global scale fuel her commitment to understanding legal framework and advocating for marginalized community .","Gia delf Political Science Human Rights , focus International Law Advocacy . passion promoting human right advocating justice global scale fuel commitment understanding legal framework advocating marginalized community .","['Gia', 'delf', 'Political', 'Science', 'Human', 'Rights', ',', 'focus', 'International', 'Law', 'Advocacy', '.', 'passion', 'promoting', 'human', 'right', 'advocating', 'justice', 'global', 'scale', 'fuel', 'commitment', 'understanding', 'legal', 'framework', 'advocating', 'marginalized', 'community', '.']","[('Gia', 'NNP'), ('delf', 'PRP'), ('Political', 'NNP'), ('Science', 'NNP'), ('Human', 'NNP'), ('Rights', 'NNP'), (',', ','), ('focus', 'VBP'), ('International', 'NNP'), ('Law', 'NNP'), ('Advocacy', 'NNP'), ('.', '.'), ('passion', 'NN'), ('promoting', 'VBG'), ('human', 'JJ'), ('right', 'NN'), ('advocating', 'VBG'), ('justice', 'NN'), ('global', 'JJ'), ('scale', 'NN'), ('fuel', 'NN'), ('commitment', 'NN'), ('understanding', 'JJ'), ('legal', 'JJ'), ('framework', 'NN'), ('advocating', 'VBG'), ('marginalized', 'VBN'), ('community', 'NN'), ('.', '.')]",passion right justice scale fuel commitment framework community  Gia Political Science Human Rights International Law Advocacy ,  promoting advocating advocating marginalized focus ,human global understanding legal,"['Gia', 'delf', 'Political', 'Science', 'Human', 'Rights', 'focus', 'International', 'Law', 'Advocacy', 'passion', 'promote', 'human', 'right', 'advocate', 'justice', 'global', 'scale', 'fuel', 'commitment', 'understand', 'legal', 'framework', 'advocate', 'marginalize', 'community']","{'advocate': 2, 'Gia': 1, 'delf': 1, 'Political': 1, 'Science': 1, 'Human': 1, 'Rights': 1, 'focus': 1, 'International': 1, 'Law': 1, 'Advocacy': 1, 'passion': 1, 'promote': 1, 'human': 1, 'right': 1, 'justice': 1, 'global': 1, 'scale': 1, 'fuel': 1, 'commitment': 1, 'understand': 1, 'legal': 1, 'framework': 1, 'marginalize': 1, 'community': 1}","['advocate', 'Gia', 'delf', 'Political', 'Science', 'Human', 'Rights']","{'advocate': 1, 'Gia': 1, 'delf': 5, 'Political': 3, 'Science': 8, 'Human': 1, 'Rights': 1}","{'advocate': 'Gia - 1', 'Gia': 'Gia - 1', 'delf': 'Ava - 1, Harper - 1, Amelia - 1, Isabella - 1, Gia - 1', 'Political': 'Mia - 1, Zoe - 1, Gia - 1', 'Science': 'Alex - 1, Mia - 1, Olivia - 1, Lily - 1, Zoe - 1, Oliver - 1, Isabella - 1, Gia - 1', 'Human': 'Gia - 1', 'Rights': 'Gia - 1'}"
28.0,Henry,"Henry's academic focus on Finance and Investment Banking reflects his interest in Financial Markets and Risk Management. Engaged in analyzing market trends and managing financial risks, he navigates the complexities of the financial world with strategic acumen.",Banking,"Henry 's academic focus on Finance and Investment Banking reflects his interest in Financial Markets and Risk Management . Engaged in analyzing market trend and managing financial risk , he navigates the complexity of the financial world with strategic acumen .","Henry 's academic focus Finance Investment Banking reflects interest Financial Markets Risk Management . Engaged analyzing market trend managing financial risk , navigates complexity financial world strategic acumen .","['Henry', ""'s"", 'academic', 'focus', 'Finance', 'Investment', 'Banking', 'reflects', 'interest', 'Financial', 'Markets', 'Risk', 'Management', '.', 'Engaged', 'analyzing', 'market', 'trend', 'managing', 'financial', 'risk', ',', 'navigates', 'complexity', 'financial', 'world', 'strategic', 'acumen', '.']","[('Henry', 'NNP'), (""'s"", 'POS'), ('academic', 'JJ'), ('focus', 'NN'), ('Finance', 'NNP'), ('Investment', 'NNP'), ('Banking', 'NN'), ('reflects', 'VBZ'), ('interest', 'NN'), ('Financial', 'NNP'), ('Markets', 'NNP'), ('Risk', 'NNP'), ('Management', 'NNP'), ('.', '.'), ('Engaged', 'VBD'), ('analyzing', 'VBG'), ('market', 'NN'), ('trend', 'NN'), ('managing', 'VBG'), ('financial', 'JJ'), ('risk', 'NN'), (',', ','), ('navigates', 'NNS'), ('complexity', 'VBP'), ('financial', 'JJ'), ('world', 'NN'), ('strategic', 'JJ'), ('acumen', 'NNS'), ('.', '.')]",focus Banking interest market trend risk world navigates acumen Henry Finance Investment Financial Markets Risk Management , Engaged analyzing managing  complexity reflects,academic financial financial strategic,"['Henry', ""'s"", 'academic', 'focus', 'Finance', 'Investment', 'Banking', 'reflect', 'interest', 'Financial', 'Markets', 'Risk', 'Management', 'engage', 'analyze', 'market', 'trend', 'manage', 'financial', 'risk', 'navigate', 'complexity', 'financial', 'world', 'strategic', 'acuman']","{'financial': 2, 'Henry': 1, ""'s"": 1, 'academic': 1, 'focus': 1, 'Finance': 1, 'Investment': 1, 'Banking': 1, 'reflect': 1, 'interest': 1, 'Financial': 1, 'Markets': 1, 'Risk': 1, 'Management': 1, 'engage': 1, 'analyze': 1, 'market': 1, 'trend': 1, 'manage': 1, 'risk': 1, 'navigate': 1, 'complexity': 1, 'world': 1, 'strategic': 1, 'acuman': 1}","['financial', 'Henry', ""'s"", 'academic', 'focus', 'Finance', 'Investment']","{'financial': 2, 'Henry': 1, ""'s"": 5, 'academic': 4, 'focus': 6, 'Finance': 2, 'Investment': 1}","{'financial': 'Noah - 1, Henry - 1', 'Henry': 'Henry - 1', ""'s"": 'Ethan  - 1, Noah - 1, Mason - 1, Benjamin - 1, Henry - 1', 'academic': 'Ethan  - 1, Noah - 1, Benjamin - 1, Henry - 1', 'focus': 'Emily - 1, Sophia - 1, Lily - 1, Noah - 1, Grace - 1, Henry - 1', 'Finance': 'Noah - 1, Henry - 1', 'Investment': 'Henry - 1'}"
29.0,Charlotte,"Charlotte immerses herself in the world of Literature and Creative Writing, with a passion for Poetry and Fiction Writing. Her creative expressions through words and storytelling reflect her love for literary arts and the power of imagination.",Writing,"Charlotte immerses herself in the world of Literature and Creative Writing , with a passion for Poetry and Fiction Writing . Her creative expression through word and storytelling reflect her love for literary art and the power of imagination .","Charlotte immerses world Literature Creative Writing , passion Poetry Fiction Writing . creative expression word storytelling reflect love literary art power imagination .","['Charlotte', 'immerses', 'world', 'Literature', 'Creative', 'Writing', ',', 'passion', 'Poetry', 'Fiction', 'Writing', '.', 'creative', 'expression', 'word', 'storytelling', 'reflect', 'love', 'literary', 'art', 'power', 'imagination', '.']","[('Charlotte', 'NNP'), ('immerses', 'VBZ'), ('world', 'NN'), ('Literature', 'NNP'), ('Creative', 'NNP'), ('Writing', 'NNP'), (',', ','), ('passion', 'NN'), ('Poetry', 'NNP'), ('Fiction', 'NNP'), ('Writing', 'NNP'), ('.', '.'), ('creative', 'JJ'), ('expression', 'NN'), ('word', 'NN'), ('storytelling', 'VBG'), ('reflect', 'JJ'), ('love', 'NN'), ('literary', 'JJ'), ('art', 'NN'), ('power', 'NN'), ('imagination', 'NN'), ('.', '.')]",world passion expression word love art power imagination  Charlotte Literature Creative Writing Poetry Fiction Writing ,  storytelling   immerses,creative reflect literary,"['Charlotte', 'immerse', 'world', 'Literature', 'Creative', 'writing', 'passion', 'Poetry', 'Fiction', 'Writing', 'creative', 'expression', 'word', 'storytelle', 'reflect', 'love', 'literary', 'art', 'power', 'imagination']","{'Charlotte': 1, 'immerse': 1, 'world': 1, 'Literature': 1, 'Creative': 1, 'writing': 1, 'passion': 1, 'Poetry': 1, 'Fiction': 1, 'Writing': 1, 'creative': 1, 'expression': 1, 'word': 1, 'storytelle': 1, 'reflect': 1, 'love': 1, 'literary': 1, 'art': 1, 'power': 1, 'imagination': 1}","['Charlotte', 'immerse', 'world', 'Literature', 'Creative', 'writing', 'passion']","{'Charlotte': 1, 'immerse': 2, 'world': 4, 'Literature': 2, 'Creative': 1, 'writing': 1, 'passion': 3}","{'Charlotte': 'Charlotte - 1', 'immerse': 'Zoe - 1, Charlotte - 1', 'world': 'Ava - 1, Amelia - 1, Isabella - 1, Charlotte - 1', 'Literature': 'Emily - 1, Charlotte - 1', 'Creative': 'Charlotte - 1', 'writing': 'Charlotte - 1', 'passion': 'Sarah - 1, Grace - 1, Charlotte - 1'}"
30.0,Lucas,"Lucas is an art enthusiast studying Fine Arts and Sculpture. His interests in Contemporary Art and Installation Art inspire his creative endeavors, as he explores innovative art forms and expressions that challenge traditional boundaries.",Sculpture,"Lucas is an art enthusiast studying Fine Arts and Sculpture . His interest in Contemporary Art and Installation Art inspire his creative endeavor , a he explores innovative art form and expression that challenge traditional boundary .","Lucas art enthusiast studying Fine Arts Sculpture . interest Contemporary Art Installation Art inspire creative endeavor , explores innovative art form expression challenge traditional boundary .","['Lucas', 'art', 'enthusiast', 'studying', 'Fine', 'Arts', 'Sculpture', '.', 'interest', 'Contemporary', 'Art', 'Installation', 'Art', 'inspire', 'creative', 'endeavor', ',', 'explores', 'innovative', 'art', 'form', 'expression', 'challenge', 'traditional', 'boundary', '.']","[('Lucas', 'NNP'), ('art', 'NN'), ('enthusiast', 'NN'), ('studying', 'VBG'), ('Fine', 'NNP'), ('Arts', 'NNP'), ('Sculpture', 'NNP'), ('.', '.'), ('interest', 'NN'), ('Contemporary', 'JJ'), ('Art', 'NNP'), ('Installation', 'NNP'), ('Art', 'NNP'), ('inspire', 'NN'), ('creative', 'JJ'), ('endeavor', 'NN'), (',', ','), ('explores', 'VBZ'), ('innovative', 'JJ'), ('art', 'NN'), ('form', 'NN'), ('expression', 'NN'), ('challenge', 'VBP'), ('traditional', 'JJ'), ('boundary', 'NN'), ('.', '.')]",art enthusiast interest inspire endeavor art form expression boundary  Lucas Fine Arts Sculpture Art Installation Art ,  studying  challenge explores,Contemporary creative innovative traditional,"['Lucas', 'art', 'enthusiast', 'study', 'Fine', 'Arts', 'Sculpture', 'interest', 'Contemporary', 'Art', 'Installation', 'Art', 'inspire', 'creative', 'endeavor', 'explore', 'innovative', 'art', 'form', 'expression', 'challenge', 'traditional', 'boundary']","{'art': 2, 'Art': 2, 'Lucas': 1, 'enthusiast': 1, 'study': 1, 'Fine': 1, 'Arts': 1, 'Sculpture': 1, 'interest': 1, 'Contemporary': 1, 'Installation': 1, 'inspire': 1, 'creative': 1, 'endeavor': 1, 'explore': 1, 'innovative': 1, 'form': 1, 'expression': 1, 'challenge': 1, 'traditional': 1, 'boundary': 1}","['art', 'Art', 'Lucas', 'enthusiast', 'study', 'Fine', 'Arts']","{'art': 2, 'Art': 2, 'Lucas': 1, 'enthusiast': 5, 'study': 6, 'Fine': 1, 'Arts': 1}","{'art': 'Lucas - 1, Amelia - 1', 'Art': 'Lucas - 1, Amelia - 1', 'Lucas': 'Lucas - 1', 'enthusiast': 'Alex - 1, James - 1, Lucas - 1, Oliver - 1, William - 1', 'study': 'Alex - 1, Lucas - 1, Ava - 1, Leo - 1, Amelia - 1, Oliver - 1', 'Fine': 'Lucas - 1', 'Arts': 'Lucas - 1'}"
